Match type,Repository,Repository external URL,File path,File URL,Path matches [path [start end]],Chunk matches [line [start end]]
content,github.com/Firetheft/ComfyUI-Animate-Progress,https://comfysearch.snomiao.dev/github.com/Firetheft/ComfyUI-Animate-Progress,__init__.py,https://comfysearch.snomiao.dev/github.com/Firetheft/ComfyUI-Animate-Progress/-/blob/__init__.py,,"[10, [[0, 8]]]"
content,github.com/heshengtao/comfyui_LLM_party,https://comfysearch.snomiao.dev/github.com/heshengtao/comfyui_LLM_party,config_update.py,https://comfysearch.snomiao.dev/github.com/heshengtao/comfyui_LLM_party/-/blob/config_update.py,,"[34, [[0, 8]]]; [95, [[0, 8]]]; [123, [[0, 8]]]; [199, [[0, 8]]]; [209, [[0, 8]]]"
content,github.com/MontagenAI/ComfyUI-Montagen,https://comfysearch.snomiao.dev/github.com/MontagenAI/ComfyUI-Montagen,videomix/montagenffcreator/node_modules/xhr2/test/src/helpers/xhr_server.coffee,https://comfysearch.snomiao.dev/github.com/MontagenAI/ComfyUI-Montagen/-/blob/videomix/montagenffcreator/node_modules/xhr2/test/src/helpers/xhr_server.coffee,,"[143, [[8, 16]]]; [151, [[4, 12]]]"
content,github.com/JaredTherriault/ComfyUI-JNodes,https://comfysearch.snomiao.dev/github.com/JaredTherriault/ComfyUI-JNodes,__init__.py,https://comfysearch.snomiao.dev/github.com/JaredTherriault/ComfyUI-JNodes/-/blob/__init__.py,,"[8, [[0, 8]]]; [12, [[0, 8]]]; [16, [[0, 8]]]; [20, [[0, 8]]]; [24, [[0, 8]]]; [28, [[0, 8]]]; [32, [[0, 8]]]; [36, [[0, 8]]]; [40, [[0, 8]]]; [44, [[0, 8]]]; [48, [[0, 8]]]; [52, [[0, 8]]]; [56, [[0, 8]]]; [60, [[0, 8]]]; [64, [[0, 8]]]; [68, [[0, 8]]]; [72, [[0, 8]]]; [76, [[0, 8]]]; [80, [[0, 8]]]"
content,github.com/usrname0/ComfyUI-AllergicPack,https://comfysearch.snomiao.dev/github.com/usrname0/ComfyUI-AllergicPack,RememberMe/remember_me.py,https://comfysearch.snomiao.dev/github.com/usrname0/ComfyUI-AllergicPack/-/blob/RememberMe/remember_me.py,,"[149, [[0, 8]]]"
content,github.com/Erehr/ComfyUI-EreNodes,https://comfysearch.snomiao.dev/github.com/Erehr/ComfyUI-EreNodes,py/prompt_api.py,https://comfysearch.snomiao.dev/github.com/Erehr/ComfyUI-EreNodes/-/blob/py/prompt_api.py,,"[35, [[0, 8]]]; [62, [[0, 8]]]; [73, [[0, 8]]]; [109, [[0, 8]]]; [139, [[0, 8]]]; [309, [[0, 8]]]; [354, [[0, 8]]]; [518, [[0, 8]]]; [545, [[0, 8]]]; [603, [[0, 8]]]"
content,github.com/Erehr/ComfyUI-EreNodes,https://comfysearch.snomiao.dev/github.com/Erehr/ComfyUI-EreNodes,py/prompt_csv.py,https://comfysearch.snomiao.dev/github.com/Erehr/ComfyUI-EreNodes/-/blob/py/prompt_csv.py,,"[67, [[0, 8]]]"
content,github.com/NakamuraShippo/ComfyUI-NS-Util,https://comfysearch.snomiao.dev/github.com/NakamuraShippo/ComfyUI-NS-Util,nodes/FlexPreset.py,https://comfysearch.snomiao.dev/github.com/NakamuraShippo/ComfyUI-NS-Util/-/blob/nodes/FlexPreset.py,,"[404, [[8, 16]]]; [446, [[8, 16]]]; [475, [[8, 16]]]; [506, [[8, 16]]]; [536, [[8, 16]]]; [571, [[8, 16]]]; [579, [[8, 16]]]"
content,github.com/NakamuraShippo/ComfyUI-NS-Util,https://comfysearch.snomiao.dev/github.com/NakamuraShippo/ComfyUI-NS-Util,nodes/PromptList.py,https://comfysearch.snomiao.dev/github.com/NakamuraShippo/ComfyUI-NS-Util/-/blob/nodes/PromptList.py,,"[215, [[8, 16]]]; [231, [[8, 16]]]; [238, [[8, 16]]]"
content,github.com/DeployAI365/ComfyUI_DeployCash,https://comfysearch.snomiao.dev/github.com/DeployAI365/ComfyUI_DeployCash,__init__.py,https://comfysearch.snomiao.dev/github.com/DeployAI365/ComfyUI_DeployCash/-/blob/__init__.py,,"[114, [[0, 8]]]; [238, [[0, 8]]]"
content,github.com/Erehr/ComfyUI-Eagle-Autosend,https://comfysearch.snomiao.dev/github.com/Erehr/ComfyUI-Eagle-Autosend,py/settings.py,https://comfysearch.snomiao.dev/github.com/Erehr/ComfyUI-Eagle-Autosend/-/blob/py/settings.py,,"[7, [[0, 8]]]; [11, [[0, 8]]]; [24, [[0, 8]]]; [28, [[0, 8]]]"
content,github.com/rdomunky/comfyui-subfolderimageloader,https://comfysearch.snomiao.dev/github.com/rdomunky/comfyui-subfolderimageloader,subfolder_loader.py,https://comfysearch.snomiao.dev/github.com/rdomunky/comfyui-subfolderimageloader/-/blob/subfolder_loader.py,,"[14, [[4, 12]]]"
content,github.com/benstaniford/comfy-lora-loader-with-triggerdb,https://comfysearch.snomiao.dev/github.com/benstaniford/comfy-lora-loader-with-triggerdb,lora_loader_with_triggerdb.py,https://comfysearch.snomiao.dev/github.com/benstaniford/comfy-lora-loader-with-triggerdb/-/blob/lora_loader_with_triggerdb.py,,"[197, [[0, 8]]]; [241, [[0, 8]]]; [296, [[0, 8]]]"
content,github.com/dseditor/ComfyUI-ScheduledTask,https://comfysearch.snomiao.dev/github.com/dseditor/ComfyUI-ScheduledTask,web_handler.py,https://comfysearch.snomiao.dev/github.com/dseditor/ComfyUI-ScheduledTask/-/blob/web_handler.py,,"[11, [[8, 16]]]; [22, [[8, 16]]]; [36, [[8, 16]]]; [58, [[8, 16]]]; [69, [[8, 16]]]; [92, [[8, 16]]]"
content,github.com/kale4eat/ComfyUI-speech-dataset-toolkit,https://comfysearch.snomiao.dev/github.com/kale4eat/ComfyUI-speech-dataset-toolkit,server.py,https://comfysearch.snomiao.dev/github.com/kale4eat/ComfyUI-speech-dataset-toolkit/-/blob/server.py,,"[13, [[4, 12]]]; [17, [[4, 12]]]"
content,github.com/GalactusX31/ComfyUI-FileBrowserAPI,https://comfysearch.snomiao.dev/github.com/GalactusX31/ComfyUI-FileBrowserAPI,file_folder_api.py,https://comfysearch.snomiao.dev/github.com/GalactusX31/ComfyUI-FileBrowserAPI/-/blob/file_folder_api.py,,"[6, [[0, 8]]]"
content,github.com/lum3on/comfyui_EdgeTAM,https://comfysearch.snomiao.dev/github.com/lum3on/comfyui_EdgeTAM,__init__.py,https://comfysearch.snomiao.dev/github.com/lum3on/comfyui_EdgeTAM/-/blob/__init__.py,,"[122, [[4, 12]]]; [167, [[4, 12]]]; [237, [[4, 12]]]; [251, [[4, 12]]]"
content,github.com/XmYx/deforum-comfy-nodes,https://comfysearch.snomiao.dev/github.com/XmYx/deforum-comfy-nodes,deforum_nodes/nodes/deforum_video_nodes.py,https://comfysearch.snomiao.dev/github.com/XmYx/deforum-comfy-nodes/-/blob/deforum_nodes/nodes/deforum_video_nodes.py,,"[162, [[0, 8]]]"
content,github.com/oshtz/ComfyUI-oshtz-nodes,https://comfysearch.snomiao.dev/github.com/oshtz/ComfyUI-oshtz-nodes,nodes/lora_switcher_dynamic.py,https://comfysearch.snomiao.dev/github.com/oshtz/ComfyUI-oshtz-nodes/-/blob/nodes/lora_switcher_dynamic.py,,"[169, [[0, 8]]]"
content,github.com/myshell-ai/ComfyUI-ShellAgent-Plugin,https://comfysearch.snomiao.dev/github.com/myshell-ai/ComfyUI-ShellAgent-Plugin,custom_routes.py,https://comfysearch.snomiao.dev/github.com/myshell-ai/ComfyUI-ShellAgent-Plugin/-/blob/custom_routes.py,,"[105, [[0, 8]]]; [121, [[0, 8]]]; [135, [[0, 8]]]; [198, [[0, 8]]]; [210, [[0, 8]]]; [218, [[0, 8]]]"
content,github.com/Blonicx/ComfyUI-X-Rework,https://comfysearch.snomiao.dev/github.com/Blonicx/ComfyUI-X-Rework,server.py,https://comfysearch.snomiao.dev/github.com/Blonicx/ComfyUI-X-Rework/-/blob/server.py,,"[9, [[0, 8]]]"
content,github.com/ShunL12324/comfy-portal-endpoint,https://comfysearch.snomiao.dev/github.com/ShunL12324/comfy-portal-endpoint,api/workflow.py,https://comfysearch.snomiao.dev/github.com/ShunL12324/comfy-portal-endpoint/-/blob/api/workflow.py,,"[51, [[0, 8]]]; [120, [[0, 8]]]; [170, [[0, 8]]]; [211, [[0, 8]]]; [263, [[0, 8]]]; [312, [[0, 8]]]"
content,github.com/AshMartian/ComfyUI-DirGir,https://comfysearch.snomiao.dev/github.com/AshMartian/ComfyUI-DirGir,dir_loop.py,https://comfysearch.snomiao.dev/github.com/AshMartian/ComfyUI-DirGir/-/blob/dir_loop.py,,"[106, [[0, 8]]]; [110, [[0, 8]]]"
content,github.com/AshMartian/ComfyUI-DirGir,https://comfysearch.snomiao.dev/github.com/AshMartian/ComfyUI-DirGir,dir_picker.py,https://comfysearch.snomiao.dev/github.com/AshMartian/ComfyUI-DirGir/-/blob/dir_picker.py,,"[94, [[0, 8]]]; [100, [[0, 8]]]; [106, [[0, 8]]]"
content,github.com/11cafe/comfyui-workspace-manager,https://comfysearch.snomiao.dev/github.com/11cafe/comfyui-workspace-manager,__init__.py,https://comfysearch.snomiao.dev/github.com/11cafe/comfyui-workspace-manager/-/blob/__init__.py,,"[38, [[0, 8]]]; [57, [[0, 8]]]; [65, [[0, 8]]]; [84, [[0, 8]]]; [113, [[0, 8]]]; [125, [[0, 8]]]; [139, [[0, 8]]]"
content,github.com/11cafe/comfyui-workspace-manager,https://comfysearch.snomiao.dev/github.com/11cafe/comfyui-workspace-manager,service/db_service.py,https://comfysearch.snomiao.dev/github.com/11cafe/comfyui-workspace-manager/-/blob/service/db_service.py,,"[13, [[0, 8]]]; [46, [[0, 8]]]"
content,github.com/11cafe/comfyui-workspace-manager,https://comfysearch.snomiao.dev/github.com/11cafe/comfyui-workspace-manager,service/node_service.py,https://comfysearch.snomiao.dev/github.com/11cafe/comfyui-workspace-manager/-/blob/service/node_service.py,,"[175, [[0, 8]]]"
content,github.com/11cafe/comfyui-workspace-manager,https://comfysearch.snomiao.dev/github.com/11cafe/comfyui-workspace-manager,service/media_service.py,https://comfysearch.snomiao.dev/github.com/11cafe/comfyui-workspace-manager/-/blob/service/media_service.py,,"[50, [[0, 8]]]; [55, [[0, 8]]]; [62, [[0, 8]]]"
content,github.com/11cafe/comfyui-workspace-manager,https://comfysearch.snomiao.dev/github.com/11cafe/comfyui-workspace-manager,service/setting_service.py,https://comfysearch.snomiao.dev/github.com/11cafe/comfyui-workspace-manager/-/blob/service/setting_service.py,,"[10, [[0, 8]]]; [30, [[0, 8]]]"
content,github.com/11cafe/comfyui-workspace-manager,https://comfysearch.snomiao.dev/github.com/11cafe/comfyui-workspace-manager,service/file_sync_service.py,https://comfysearch.snomiao.dev/github.com/11cafe/comfyui-workspace-manager/-/blob/service/file_sync_service.py,,"[12, [[0, 8]]]; [49, [[0, 8]]]; [65, [[0, 8]]]; [82, [[0, 8]]]; [180, [[0, 8]]]; [185, [[0, 8]]]; [197, [[0, 8]]]; [248, [[0, 8]]]; [275, [[0, 8]]]; [295, [[0, 8]]]; [333, [[0, 8]]]"
content,github.com/11cafe/comfyui-workspace-manager,https://comfysearch.snomiao.dev/github.com/11cafe/comfyui-workspace-manager,service/model_manager/model_list.py,https://comfysearch.snomiao.dev/github.com/11cafe/comfyui-workspace-manager/-/blob/service/model_manager/model_list.py,,"[126, [[0, 8]]]; [133, [[0, 8]]]"
content,github.com/11cafe/comfyui-workspace-manager,https://comfysearch.snomiao.dev/github.com/11cafe/comfyui-workspace-manager,service/scan_my_workflows_folder.py,https://comfysearch.snomiao.dev/github.com/11cafe/comfyui-workspace-manager/-/blob/service/scan_my_workflows_folder.py,,"[11, [[0, 8]]]; [15, [[0, 8]]]"
content,github.com/11cafe/comfyui-workspace-manager,https://comfysearch.snomiao.dev/github.com/11cafe/comfyui-workspace-manager,service/twoway_sync_folder_service.py,https://comfysearch.snomiao.dev/github.com/11cafe/comfyui-workspace-manager/-/blob/service/twoway_sync_folder_service.py,,"[11, [[0, 8]]]; [26, [[0, 8]]]; [45, [[0, 8]]]; [62, [[0, 8]]]"
content,github.com/11cafe/comfyui-workspace-manager,https://comfysearch.snomiao.dev/github.com/11cafe/comfyui-workspace-manager,service/model_manager/missing_models.py,https://comfysearch.snomiao.dev/github.com/11cafe/comfyui-workspace-manager/-/blob/service/model_manager/missing_models.py,,"[51, [[0, 8]]]"
content,github.com/11cafe/comfyui-workspace-manager,https://comfysearch.snomiao.dev/github.com/11cafe/comfyui-workspace-manager,service/model_manager/model_installer.py,https://comfysearch.snomiao.dev/github.com/11cafe/comfyui-workspace-manager/-/blob/service/model_manager/model_installer.py,,"[107, [[0, 8]]]; [127, [[0, 8]]]"
content,github.com/11cafe/comfyui-workspace-manager,https://comfysearch.snomiao.dev/github.com/11cafe/comfyui-workspace-manager,service/model_manager/nodes_installer.py,https://comfysearch.snomiao.dev/github.com/11cafe/comfyui-workspace-manager/-/blob/service/model_manager/nodes_installer.py,,"[18, [[0, 8]]]; [44, [[0, 8]]]"
content,github.com/Pablerdo/ComfyUI-StableVirtualCameraWrapper,https://comfysearch.snomiao.dev/github.com/Pablerdo/ComfyUI-StableVirtualCameraWrapper,demo_gr.py,https://comfysearch.snomiao.dev/github.com/Pablerdo/ComfyUI-StableVirtualCameraWrapper/-/blob/demo_gr.py,,"[739, [[4, 12]]]"
content,github.com/Pablerdo/ComfyUI-StableVirtualCameraWrapper,https://comfysearch.snomiao.dev/github.com/Pablerdo/ComfyUI-StableVirtualCameraWrapper,demo_gr_nodes.py,https://comfysearch.snomiao.dev/github.com/Pablerdo/ComfyUI-StableVirtualCameraWrapper/-/blob/demo_gr_nodes.py,,"[741, [[4, 12]]]"
content,github.com/Trung0246/ComfyUI-0246,https://comfysearch.snomiao.dev/github.com/Trung0246/ComfyUI-0246,nodes.py,https://comfysearch.snomiao.dev/github.com/Trung0246/ComfyUI-0246/-/blob/nodes.py,,"[1119, [[0, 8]]]; [1141, [[0, 8]]]; [1155, [[0, 8]]]; [1169, [[0, 8]]]"
content,github.com/lingha0h/comfyui_kj,https://comfysearch.snomiao.dev/github.com/lingha0h/comfyui_kj,api.py,https://comfysearch.snomiao.dev/github.com/lingha0h/comfyui_kj/-/blob/api.py,,"[612, [[0, 8]]]; [638, [[0, 8]]]; [653, [[0, 8]]]; [667, [[0, 8]]]; [681, [[0, 8]]]; [695, [[0, 8]]]; [743, [[0, 8]]]; [765, [[0, 8]]]; [803, [[0, 8]]]; [845, [[0, 8]]]; [885, [[0, 8]]]"
content,github.com/nkchocoai/ComfyUI-PromptUtilities,https://comfysearch.snomiao.dev/github.com/nkchocoai/ComfyUI-PromptUtilities,py/server.py,https://comfysearch.snomiao.dev/github.com/nkchocoai/ComfyUI-PromptUtilities/-/blob/py/server.py,,"[7, [[0, 8]]]"
content,github.com/LucipherDev/ComfyUI-TangoFlux,https://comfysearch.snomiao.dev/github.com/LucipherDev/ComfyUI-TangoFlux,server.py,https://comfysearch.snomiao.dev/github.com/LucipherDev/ComfyUI-TangoFlux/-/blob/server.py,,"[6, [[0, 8]]]"
content,github.com/Haoming02/comfyui-clear-screen,https://comfysearch.snomiao.dev/github.com/Haoming02/comfyui-clear-screen,__init__.py,https://comfysearch.snomiao.dev/github.com/Haoming02/comfyui-clear-screen/-/blob/__init__.py,,"[8, [[0, 8]]]"
content,github.com/zakantonio/AvatarGen-experience,https://comfysearch.snomiao.dev/github.com/zakantonio/AvatarGen-experience,__init__.py,https://comfysearch.snomiao.dev/github.com/zakantonio/AvatarGen-experience/-/blob/__init__.py,,"[18, [[0, 8]]]; [27, [[0, 8]]]"
content,github.com/AIGODLIKE/AIGODLIKE-ComfyUI-Translation,https://comfysearch.snomiao.dev/github.com/AIGODLIKE/AIGODLIKE-ComfyUI-Translation,__init__.py,https://comfysearch.snomiao.dev/github.com/AIGODLIKE/AIGODLIKE-ComfyUI-Translation/-/blob/__init__.py,,"[100, [[0, 8]]]"
content,github.com/Kurdknight/Kurdknight_comfycheck,https://comfysearch.snomiao.dev/github.com/Kurdknight/Kurdknight_comfycheck,system_check.py,https://comfysearch.snomiao.dev/github.com/Kurdknight/Kurdknight_comfycheck/-/blob/system_check.py,,"[330, [[4, 12]]]; [336, [[4, 12]]]"
content,github.com/cnbjjj/ComfyUI-Jtils,https://comfysearch.snomiao.dev/github.com/cnbjjj/ComfyUI-Jtils,__init__.py,https://comfysearch.snomiao.dev/github.com/cnbjjj/ComfyUI-Jtils/-/blob/__init__.py,,"[14, [[4, 12]]]"
content,github.com/cnbjjj/ComfyUI-Jtils,https://comfysearch.snomiao.dev/github.com/cnbjjj/ComfyUI-Jtils,nodes/Service.py,https://comfysearch.snomiao.dev/github.com/cnbjjj/ComfyUI-Jtils/-/blob/nodes/Service.py,,"[2, [[0, 8]]]"
content,github.com/ronaldzgithub/ComfyUI_Appstore,https://comfysearch.snomiao.dev/github.com/ronaldzgithub/ComfyUI_Appstore,__init__.py,https://comfysearch.snomiao.dev/github.com/ronaldzgithub/ComfyUI_Appstore/-/blob/__init__.py,,"[20, [[0, 8]]]"
content,github.com/motivated3/comfyui-shua-creator,https://comfysearch.snomiao.dev/github.com/motivated3/comfyui-shua-creator,__init__.py,https://comfysearch.snomiao.dev/github.com/motivated3/comfyui-shua-creator/-/blob/__init__.py,,"[29, [[0, 8]]]; [128, [[0, 8]]]"
content,github.com/asteriafilmco/ComfyUI-LNL,https://comfysearch.snomiao.dev/github.com/asteriafilmco/ComfyUI-LNL,modules/server.py,https://comfysearch.snomiao.dev/github.com/asteriafilmco/ComfyUI-LNL/-/blob/modules/server.py,,"[11, [[0, 8]]]; [21, [[0, 8]]]; [35, [[0, 8]]]; [49, [[0, 8]]]"
content,github.com/humgate/simplecomfy,https://comfysearch.snomiao.dev/github.com/humgate/simplecomfy,__init__.py,https://comfysearch.snomiao.dev/github.com/humgate/simplecomfy/-/blob/__init__.py,,"[8, [[0, 8]]]"
content,github.com/nat-chan/ComfyUI-graphToPrompt,https://comfysearch.snomiao.dev/github.com/nat-chan/ComfyUI-graphToPrompt,__init__.py,https://comfysearch.snomiao.dev/github.com/nat-chan/ComfyUI-graphToPrompt/-/blob/__init__.py,,"[8, [[0, 8]]]; [16, [[0, 8]]]"
content,github.com/chenpx976/ComfyUI-RunRunRun,https://comfysearch.snomiao.dev/github.com/chenpx976/ComfyUI-RunRunRun,__init__.py,https://comfysearch.snomiao.dev/github.com/chenpx976/ComfyUI-RunRunRun/-/blob/__init__.py,,"[95, [[0, 8]]]"
content,github.com/sdfxai/SDFXBridgeForComfyUI,https://comfysearch.snomiao.dev/github.com/sdfxai/SDFXBridgeForComfyUI,server.py,https://comfysearch.snomiao.dev/github.com/sdfxai/SDFXBridgeForComfyUI/-/blob/server.py,,"[80, [[2, 10]]]; [99, [[2, 10]]]; [106, [[2, 10]]]; [188, [[2, 10]]]; [197, [[2, 10] [2, 10]]]; [224, [[2, 10] [2, 10] [2, 10] [2, 10] [2, 10] [2, 10] [2, 10] [2, 10]]]; [284, [[2, 10] [2, 10] [2, 10] [2, 10]]]; [314, [[2, 10] [2, 10]]]"
content,github.com/thecooltechguy/ComfyUI-ComfyWorkflows,https://comfysearch.snomiao.dev/github.com/thecooltechguy/ComfyUI-ComfyWorkflows,__init__.py,https://comfysearch.snomiao.dev/github.com/thecooltechguy/ComfyUI-ComfyWorkflows/-/blob/__init__.py,,"[143, [[0, 8]]]; [148, [[0, 8]]]; [162, [[0, 8]]]; [167, [[0, 8]]]; [175, [[0, 8]]]; [184, [[0, 8]]]; [192, [[0, 8]]]; [422, [[0, 8]]]"
content,github.com/shi3z/ComfyUI_Memeplex_DALLE,https://comfysearch.snomiao.dev/github.com/shi3z/ComfyUI_Memeplex_DALLE,__init__.py,https://comfysearch.snomiao.dev/github.com/shi3z/ComfyUI_Memeplex_DALLE/-/blob/__init__.py,,"[5, [[0, 8]]]"
content,github.com/nathannlu/ComfyUI-Pets,https://comfysearch.snomiao.dev/github.com/nathannlu/ComfyUI-Pets,custom_routes.py,https://comfysearch.snomiao.dev/github.com/nathannlu/ComfyUI-Pets/-/blob/custom_routes.py,,"[3, [[0, 8]]]; [14, [[0, 8]]]; [31, [[0, 8]]]"
content,github.com/avatechai/avatar-graph-comfyui,https://comfysearch.snomiao.dev/github.com/avatechai/avatar-graph-comfyui,routes.py,https://comfysearch.snomiao.dev/github.com/avatechai/avatar-graph-comfyui/-/blob/routes.py,,"[45, [[0, 8]]]; [51, [[0, 8]]]; [80, [[0, 8]]]; [224, [[0, 8]]]; [287, [[0, 8]]]; [313, [[0, 8]]]; [333, [[2, 10]]]; [344, [[0, 8]]]; [361, [[0, 8]]]; [379, [[2, 10]]]; [391, [[0, 8]]]; [400, [[0, 8]]]"
content,github.com/shockz0rz/comfy-easy-grids,https://comfysearch.snomiao.dev/github.com/shockz0rz/comfy-easy-grids,api.py,https://comfysearch.snomiao.dev/github.com/shockz0rz/comfy-easy-grids/-/blob/api.py,,"[5, [[0, 8]]]"
content,github.com/r-vage/ComfyUI_Eclipse,https://comfysearch.snomiao.dev/github.com/r-vage/ComfyUI_Eclipse,__init__.py,https://comfysearch.snomiao.dev/github.com/r-vage/ComfyUI_Eclipse/-/blob/__init__.py,,"[57, [[0, 8]]]; [76, [[0, 8]]]; [83, [[0, 8]]]; [128, [[0, 8]]]"
content,github.com/Comfy-Org/ComfyUI_frontend,https://comfysearch.snomiao.dev/github.com/Comfy-Org/ComfyUI_frontend,tools/devtools/__init__.py,https://comfysearch.snomiao.dev/github.com/Comfy-Org/ComfyUI_frontend/-/blob/tools/devtools/__init__.py,,"[14, [[0, 8]]]; [20, [[0, 8]]]; [55, [[0, 8]]]; [75, [[0, 8]]]"
content,github.com/GraftingRayman/ComfyUI_GraftingRayman,https://comfysearch.snomiao.dev/github.com/GraftingRayman/ComfyUI_GraftingRayman,Nodes/routes.py,https://comfysearch.snomiao.dev/github.com/GraftingRayman/ComfyUI_GraftingRayman/-/blob/Nodes/routes.py,,"[5, [[0, 8]]]; [45, [[0, 8]]]; [81, [[0, 8]]]; [129, [[0, 8]]]; [171, [[0, 8]]]; [183, [[0, 8]]]; [228, [[0, 8]]]"
content,github.com/yanlang0123/ComfyUI_Lam,https://comfysearch.snomiao.dev/github.com/yanlang0123/ComfyUI_Lam,py/StyleSelecto.py,https://comfysearch.snomiao.dev/github.com/yanlang0123/ComfyUI_Lam/-/blob/py/StyleSelecto.py,,"[9, [[0, 8]]]"
content,github.com/zzw5516/ComfyUI-zw-tools,https://comfysearch.snomiao.dev/github.com/zzw5516/ComfyUI-zw-tools,NodeZwTools.py,https://comfysearch.snomiao.dev/github.com/zzw5516/ComfyUI-zw-tools/-/blob/NodeZwTools.py,,"[104, [[0, 8]]]; [127, [[0, 8]]]; [148, [[0, 8]]]; [162, [[0, 8]]]; [174, [[0, 8]]]; [185, [[0, 8]]]; [197, [[0, 8]]]; [208, [[0, 8]]]; [222, [[0, 8]]]; [236, [[0, 8]]]; [251, [[0, 8]]]; [264, [[0, 8]]]; [276, [[0, 8]]]; [287, [[0, 8]]]; [297, [[0, 8]]]; [308, [[0, 8]]]; [322, [[0, 8]]]; [341, [[0, 8]]]; [351, [[0, 8]]]; [362, [[0, 8]]]; [373, [[0, 8]]]; [384, [[0, 8]]]; [393, [[0, 8]]]; [404, [[0, 8]]]; [418, [[0, 8]]]; [435, [[0, 8]]]; [453, [[0, 8]]]; [465, [[0, 8]]]; [476, [[0, 8]]]; [490, [[0, 8]]]; [505, [[0, 8]]]; [517, [[0, 8]]]; [528, [[0, 8]]]; [542, [[0, 8]]]; [557, [[0, 8]]]; [569, [[0, 8]]]; [581, [[0, 8]]]; [597, [[0, 8]]]; [614, [[0, 8]]]; [625, [[0, 8]]]"
content,github.com/djdarcy/ComfyUI-Smart-Resolution-Calc,https://comfysearch.snomiao.dev/github.com/djdarcy/ComfyUI-Smart-Resolution-Calc,__init__.py,https://comfysearch.snomiao.dev/github.com/djdarcy/ComfyUI-Smart-Resolution-Calc/-/blob/__init__.py,,"[29, [[4, 12]]]"
content,github.com/whmc76/ComfyUI-UniversalToolkit,https://comfysearch.snomiao.dev/github.com/whmc76/ComfyUI-UniversalToolkit,nodes/tools/lora_info.py,https://comfysearch.snomiao.dev/github.com/whmc76/ComfyUI-UniversalToolkit/-/blob/nodes/tools/lora_info.py,,"[207, [[0, 8]]]"
content,github.com/yanlang0123/ComfyUI_Lam,https://comfysearch.snomiao.dev/github.com/yanlang0123/ComfyUI_Lam,py/openPoseEditorPlus.py,https://comfysearch.snomiao.dev/github.com/yanlang0123/ComfyUI_Lam/-/blob/py/openPoseEditorPlus.py,,"[58, [[0, 8]]]; [64, [[0, 8]]]; [82, [[0, 8]]]; [93, [[0, 8]]]; [104, [[0, 8]]]"
content,github.com/bytedance/comfyui-lumi-batcher,https://comfysearch.snomiao.dev/github.com/bytedance/comfyui-lumi-batcher,lumi_batcher_service/handler/common.py,https://comfysearch.snomiao.dev/github.com/bytedance/comfyui-lumi-batcher/-/blob/lumi_batcher_service/handler/common.py,,"[20, [[8, 16]]]; [85, [[8, 16]]]"
content,github.com/Kosinkadink/ComfyUI-VideoHelperSuite,https://comfysearch.snomiao.dev/github.com/Kosinkadink/ComfyUI-VideoHelperSuite,testframework/server.py,https://comfysearch.snomiao.dev/github.com/Kosinkadink/ComfyUI-VideoHelperSuite/-/blob/testframework/server.py,,"[10, [[0, 8]]]"
content,github.com/bytedance/comfyui-lumi-batcher,https://comfysearch.snomiao.dev/github.com/bytedance/comfyui-lumi-batcher,lumi_batcher_service/handler/batch_tools.py,https://comfysearch.snomiao.dev/github.com/bytedance/comfyui-lumi-batcher/-/blob/lumi_batcher_service/handler/batch_tools.py,,"[111, [[8, 16]]]; [281, [[8, 16]]]; [312, [[8, 16]]]; [346, [[8, 16]]]; [371, [[8, 16]]]; [427, [[8, 16]]]; [454, [[8, 16]]]; [523, [[8, 16]]]; [553, [[8, 16]]]; [620, [[8, 16]]]; [676, [[8, 16]]]; [712, [[8, 16]]]"
content,github.com/cardenluo/ComfyUI-Apt_Preset,https://comfysearch.snomiao.dev/github.com/cardenluo/ComfyUI-Apt_Preset,NodeChx/sum_text_yaml.py,https://comfysearch.snomiao.dev/github.com/cardenluo/ComfyUI-Apt_Preset/-/blob/NodeChx/sum_text_yaml.py,,"[132, [[8, 16]]]; [144, [[8, 16]]]"
content,github.com/Santodan/santodan-custom-nodes-comfyui,https://comfysearch.snomiao.dev/github.com/Santodan/santodan-custom-nodes-comfyui,santodan_nodes/lora_info.py,https://comfysearch.snomiao.dev/github.com/Santodan/santodan-custom-nodes-comfyui/-/blob/santodan_nodes/lora_info.py,,"[143, [[0, 8]]]"
content,github.com/Santodan/santodan-custom-nodes-comfyui,https://comfysearch.snomiao.dev/github.com/Santodan/santodan-custom-nodes-comfyui,santodan_nodes/shutdownNode.py,https://comfysearch.snomiao.dev/github.com/Santodan/santodan-custom-nodes-comfyui/-/blob/santodan_nodes/shutdownNode.py,,"[16, [[0, 8]]]"
content,github.com/Santodan/santodan-custom-nodes-comfyui,https://comfysearch.snomiao.dev/github.com/Santodan/santodan-custom-nodes-comfyui,santodan_nodes/server_routes.py,https://comfysearch.snomiao.dev/github.com/Santodan/santodan-custom-nodes-comfyui/-/blob/santodan_nodes/server_routes.py,,"[38, [[4, 12]]]; [53, [[4, 12]]]; [76, [[4, 12]]]; [96, [[4, 12]]]; [126, [[4, 12]]]; [140, [[4, 12]]]; [153, [[4, 12]]]; [163, [[4, 12]]]"
content,github.com/Kosinkadink/ComfyUI-VideoHelperSuite,https://comfysearch.snomiao.dev/github.com/Kosinkadink/ComfyUI-VideoHelperSuite,videohelpersuite/server.py,https://comfysearch.snomiao.dev/github.com/Kosinkadink/ComfyUI-VideoHelperSuite/-/blob/videohelpersuite/server.py,,"[15, [[0, 8] [0, 8]]]; [132, [[0, 8]]]; [176, [[0, 8]]]; [266, [[0, 8] [0, 8]]]"
content,github.com/pierreb-mf/ComfyUI-MF-PipoNodes,https://comfysearch.snomiao.dev/github.com/pierreb-mf/ComfyUI-MF-PipoNodes,pipo_nodes_server.py,https://comfysearch.snomiao.dev/github.com/pierreb-mf/ComfyUI-MF-PipoNodes/-/blob/pipo_nodes_server.py,,"[12, [[0, 8]]]; [43, [[0, 8]]]; [91, [[0, 8]]]"
content,github.com/AIGODLIKE/ComfyUI-CUP,https://comfysearch.snomiao.dev/github.com/AIGODLIKE/ComfyUI-CUP,cup.py,https://comfysearch.snomiao.dev/github.com/AIGODLIKE/ComfyUI-CUP/-/blob/cup.py,,"[125, [[0, 8]]]; [140, [[0, 8]]]; [235, [[0, 8]]]"
content,github.com/PiePieDesign/PiePieTweaks,https://comfysearch.snomiao.dev/github.com/PiePieDesign/PiePieTweaks,api.py,https://comfysearch.snomiao.dev/github.com/PiePieDesign/PiePieTweaks/-/blob/api.py,,"[8, [[0, 8]]]"
content,github.com/Dontdrunk/ComfyUI-DD-Translation,https://comfysearch.snomiao.dev/github.com/Dontdrunk/ComfyUI-DD-Translation,__init__.py,https://comfysearch.snomiao.dev/github.com/Dontdrunk/ComfyUI-DD-Translation/-/blob/__init__.py,,"[101, [[0, 8]]]; [125, [[0, 8]]]; [133, [[0, 8]]]"
content,github.com/BennyKok/comfyui-deploy,https://comfysearch.snomiao.dev/github.com/BennyKok/comfyui-deploy,custom_routes.py,https://comfysearch.snomiao.dev/github.com/BennyKok/comfyui-deploy/-/blob/custom_routes.py,,"[577, [[0, 8]]]; [676, [[0, 8]]]; [753, [[0, 8]]]; [854, [[0, 8]]]; [869, [[0, 8]]]; [997, [[0, 8]]]; [1045, [[0, 8]]]; [1179, [[0, 8]]]; [1188, [[0, 8]]]; [1222, [[0, 8] [0, 8]]]; [2393, [[0, 8]]]; [2400, [[0, 8]]]; [2425, [[0, 8]]]; [3003, [[0, 8]]]; [3022, [[0, 8]]]; [3067, [[0, 8]]]; [3107, [[0, 8]]]; [3149, [[0, 8]]]; [3174, [[0, 8]]]; [3210, [[0, 8]]]; [3236, [[0, 8]]]; [3261, [[0, 8]]]; [3289, [[0, 8]]]; [3321, [[0, 8]]]; [3356, [[0, 8]]]; [3380, [[0, 8]]]; [3413, [[0, 8]]]; [3446, [[0, 8]]]; [3479, [[0, 8]]]; [3512, [[0, 8]]]; [3544, [[0, 8]]]; [3574, [[0, 8]]]; [3596, [[0, 8]]]"
content,github.com/AIGODLIKE/AIGODLIKE-ComfyUI-Studio,https://comfysearch.snomiao.dev/github.com/AIGODLIKE/AIGODLIKE-ComfyUI-Studio,__init__.py,https://comfysearch.snomiao.dev/github.com/AIGODLIKE/AIGODLIKE-ComfyUI-Studio/-/blob/__init__.py,,"[264, [[0, 8]]]; [304, [[0, 8]]]; [386, [[0, 8]]]; [469, [[0, 8]]]; [477, [[0, 8]]]; [502, [[0, 8]]]; [522, [[0, 8]]]; [549, [[0, 8]]]; [586, [[0, 8]]]; [621, [[0, 8]]]; [658, [[0, 8]]]; [697, [[0, 8]]]; [702, [[0, 8]]]"
content,github.com/Taremin/webui-monaco-prompt,https://comfysearch.snomiao.dev/github.com/Taremin/webui-monaco-prompt,__init__.py,https://comfysearch.snomiao.dev/github.com/Taremin/webui-monaco-prompt/-/blob/__init__.py,,"[17, [[0, 8]]]; [34, [[0, 8]]]; [41, [[0, 8]]]"
content,github.com/matthewfriedrichs/ComfyUI-ThoughtBubble,https://comfysearch.snomiao.dev/github.com/matthewfriedrichs/ComfyUI-ThoughtBubble,__init__.py,https://comfysearch.snomiao.dev/github.com/matthewfriedrichs/ComfyUI-ThoughtBubble/-/blob/__init__.py,,"[34, [[0, 8]]]; [43, [[0, 8]]]; [53, [[0, 8]]]; [59, [[0, 8]]]; [89, [[0, 8]]]; [109, [[0, 8]]]; [115, [[0, 8]]]; [145, [[0, 8]]]; [165, [[0, 8]]]; [172, [[0, 8]]]; [183, [[0, 8]]]; [205, [[0, 8]]]; [229, [[0, 8]]]; [241, [[0, 8]]]"
content,github.com/zml-w/ComfyUI-ZML-Image,https://comfysearch.snomiao.dev/github.com/zml-w/ComfyUI-ZML-Image,zml_w/zml_text_nodes.py,https://comfysearch.snomiao.dev/github.com/zml-w/ComfyUI-ZML-Image/-/blob/zml_w/zml_text_nodes.py,,"[1116, [[0, 8]]]; [1132, [[0, 8]]]; [1137, [[0, 8]]]; [1157, [[0, 8]]]; [1194, [[0, 8]]]; [1233, [[0, 8]]]; [1267, [[0, 8]]]; [1328, [[0, 8]]]"
content,github.com/zml-w/ComfyUI-ZML-Image,https://comfysearch.snomiao.dev/github.com/zml-w/ComfyUI-ZML-Image,zml_w/zml_lora_nodes.py,https://comfysearch.snomiao.dev/github.com/zml-w/ComfyUI-ZML-Image/-/blob/zml_w/zml_lora_nodes.py,,"[158, [[0, 8]]]; [198, [[0, 8]]]; [238, [[0, 8]]]; [273, [[0, 8]]]; [312, [[0, 8]]]; [350, [[0, 8]]]; [452, [[0, 8]]]; [1094, [[0, 8]]]; [1140, [[0, 8]]]; [1211, [[0, 8]]]"
content,github.com/zml-w/ComfyUI-ZML-Image,https://comfysearch.snomiao.dev/github.com/zml-w/ComfyUI-ZML-Image,zml_w/zml_image_nodes.py,https://comfysearch.snomiao.dev/github.com/zml-w/ComfyUI-ZML-Image/-/blob/zml_w/zml_image_nodes.py,,"[1022, [[0, 8]]]; [1056, [[0, 8]]]; [1082, [[0, 8]]]; [1112, [[0, 8]]]; [1157, [[0, 8]]]; [1184, [[0, 8]]]; [1788, [[0, 8]]]; [1826, [[0, 8]]]; [1861, [[0, 8]]]; [1898, [[0, 8]]]"
content,github.com/DeemosTech/ComfyUI-Rodin,https://comfysearch.snomiao.dev/github.com/DeemosTech/ComfyUI-Rodin,webserver/server.py,https://comfysearch.snomiao.dev/github.com/DeemosTech/ComfyUI-Rodin/-/blob/webserver/server.py,,"[44, [[0, 8]]]; [131, [[0, 8]]]"
content,github.com/zml-w/ComfyUI-ZML-Image,https://comfysearch.snomiao.dev/github.com/zml-w/ComfyUI-ZML-Image,zml_w/zml_review_nodes.py,https://comfysearch.snomiao.dev/github.com/zml-w/ComfyUI-ZML-Image/-/blob/zml_w/zml_review_nodes.py,,"[50, [[0, 8]]]; [85, [[0, 8]]]; [920, [[0, 8]]]"
content,github.com/zml-w/ComfyUI-ZML-Image,https://comfysearch.snomiao.dev/github.com/zml-w/ComfyUI-ZML-Image,zml_w/zml_format_nodes.py,https://comfysearch.snomiao.dev/github.com/zml-w/ComfyUI-ZML-Image/-/blob/zml_w/zml_format_nodes.py,,"[39, [[0, 8]]]"
content,github.com/zhangp365/ComfyUI-utils-nodes,https://comfysearch.snomiao.dev/github.com/zhangp365/ComfyUI-utils-nodes,__init__.py,https://comfysearch.snomiao.dev/github.com/zhangp365/ComfyUI-utils-nodes/-/blob/__init__.py,,"[11, [[0, 8]]]"
content,github.com/zml-w/ComfyUI-ZML-Image,https://comfysearch.snomiao.dev/github.com/zml-w/ComfyUI-ZML-Image,zml_w/zml_prompt_nodes.py,https://comfysearch.snomiao.dev/github.com/zml-w/ComfyUI-ZML-Image/-/blob/zml_w/zml_prompt_nodes.py,,"[10, [[0, 8]]]; [23, [[0, 8]]]; [34, [[0, 8]]]"
content,github.com/robertvoy/ComfyUI-Distributed,https://comfysearch.snomiao.dev/github.com/robertvoy/ComfyUI-Distributed,distributed.py,https://comfysearch.snomiao.dev/github.com/robertvoy/ComfyUI-Distributed/-/blob/distributed.py,,"[61, [[0, 8]]]; [66, [[0, 8]]]; [84, [[0, 8]]]; [105, [[0, 8]]]; [270, [[0, 8]]]; [297, [[0, 8]]]; [374, [[0, 8]]]; [409, [[0, 8]]]; [433, [[0, 8]]]; [462, [[0, 8]]]; [479, [[0, 8]]]; [525, [[0, 8]]]; [586, [[0, 8]]]; [608, [[0, 8]]]; [621, [[0, 8]]]; [694, [[0, 8]]]; [1545, [[0, 8]]]; [1623, [[0, 8]]]; [1666, [[0, 8]]]"
content,github.com/AlcAI-AnimeHaven/AlcAI-nodes,https://comfysearch.snomiao.dev/github.com/AlcAI-AnimeHaven/AlcAI-nodes,nodes/CustomLoraLoader.py,https://comfysearch.snomiao.dev/github.com/AlcAI-AnimeHaven/AlcAI-nodes/-/blob/nodes/CustomLoraLoader.py,,"[149, [[0, 8]]]"
content,github.com/AlcAI-AnimeHaven/AlcAI-nodes,https://comfysearch.snomiao.dev/github.com/AlcAI-AnimeHaven/AlcAI-nodes,nodes/BooruImageLoader.py,https://comfysearch.snomiao.dev/github.com/AlcAI-AnimeHaven/AlcAI-nodes/-/blob/nodes/BooruImageLoader.py,,"[227, [[0, 8]]]"
content,github.com/newtextdoc1111/ComfyUI-Autocomplete-Plus,https://comfysearch.snomiao.dev/github.com/newtextdoc1111/ComfyUI-Autocomplete-Plus,modules/api.py,https://comfysearch.snomiao.dev/github.com/newtextdoc1111/ComfyUI-Autocomplete-Plus/-/blob/modules/api.py,,"[99, [[0, 8]]]; [131, [[0, 8]]]; [151, [[0, 8]]]; [181, [[0, 8]]]; [211, [[0, 8]]]; [233, [[0, 8]]]; [242, [[0, 8]]]"
content,github.com/sakura1bgx/ComfyUI_FlipStreamViewer,https://comfysearch.snomiao.dev/github.com/sakura1bgx/ComfyUI_FlipStreamViewer,flipstreamviewer.py,https://comfysearch.snomiao.dev/github.com/sakura1bgx/ComfyUI_FlipStreamViewer/-/blob/flipstreamviewer.py,,"[996, [[0, 8]]]; [1004, [[0, 8]]]; [1020, [[0, 8]]]; [1034, [[0, 8]]]; [1042, [[0, 8]]]; [1422, [[0, 8]]]; [1452, [[0, 8]]]; [1468, [[0, 8]]]; [1499, [[0, 8]]]; [1515, [[0, 8]]]; [1528, [[0, 8]]]; [1542, [[0, 8]]]; [1556, [[0, 8]]]; [1570, [[0, 8]]]; [1590, [[0, 8]]]"
content,github.com/ihmily/comfy-deploy,https://comfysearch.snomiao.dev/github.com/ihmily/comfy-deploy,custom_routes.py,https://comfysearch.snomiao.dev/github.com/ihmily/comfy-deploy/-/blob/custom_routes.py,,"[787, [[0, 8]]]; [805, [[0, 8]]]; [823, [[0, 8]]]; [882, [[0, 8]]]; [904, [[0, 8]]]; [939, [[0, 8]]]; [949, [[0, 8]]]; [1352, [[0, 8]]]"
content,github.com/FranckyB/ComfyUI-Prompt-Manager,https://comfysearch.snomiao.dev/github.com/FranckyB/ComfyUI-Prompt-Manager,prompt_manager.py,https://comfysearch.snomiao.dev/github.com/FranckyB/ComfyUI-Prompt-Manager/-/blob/prompt_manager.py,,"[116, [[0, 8]]]; [127, [[0, 8]]]; [153, [[0, 8]]]; [190, [[0, 8]]]; [214, [[0, 8]]]"
content,github.com/Antique3e/ComfyUI-ModalCredits,https://comfysearch.snomiao.dev/github.com/Antique3e/ComfyUI-ModalCredits,__init__.py,https://comfysearch.snomiao.dev/github.com/Antique3e/ComfyUI-ModalCredits/-/blob/__init__.py,,"[77, [[0, 8]]]; [86, [[0, 8]]]; [95, [[0, 8]]]; [106, [[0, 8]]]; [113, [[0, 8]]]"
content,github.com/AIDC-AI/ComfyUI-Copilot,https://comfysearch.snomiao.dev/github.com/AIDC-AI/ComfyUI-Copilot,backend/controller/llm_api.py,https://comfysearch.snomiao.dev/github.com/AIDC-AI/ComfyUI-Copilot/-/blob/backend/controller/llm_api.py,,"[19, [[0, 8]]]; [71, [[0, 8]]]"
content,github.com/AlcAI-AnimeHaven/AlcAI-nodes,https://comfysearch.snomiao.dev/github.com/AlcAI-AnimeHaven/AlcAI-nodes,nodes/ImageLoaderEnhanced.py,https://comfysearch.snomiao.dev/github.com/AlcAI-AnimeHaven/AlcAI-nodes/-/blob/nodes/ImageLoaderEnhanced.py,,"[147, [[0, 8]]]; [163, [[0, 8]]]; [208, [[0, 8]]]"
content,github.com/Firetheft/ComfyUI_Local_Lora_Gallery,https://comfysearch.snomiao.dev/github.com/Firetheft/ComfyUI_Local_Lora_Gallery,Local_Lora_Gallery.py,https://comfysearch.snomiao.dev/github.com/Firetheft/ComfyUI_Local_Lora_Gallery/-/blob/Local_Lora_Gallery.py,,"[101, [[0, 8]]]; [224, [[0, 8]]]; [229, [[0, 8]]]; [245, [[0, 8]]]; [261, [[0, 8]]]; [359, [[0, 8]]]; [384, [[0, 8]]]; [404, [[0, 8]]]; [420, [[0, 8]]]; [450, [[0, 8]]]"
content,github.com/Moooonet/ComfyUI-Align,https://comfysearch.snomiao.dev/github.com/Moooonet/ComfyUI-Align,server/color_preset_api.py,https://comfysearch.snomiao.dev/github.com/Moooonet/ComfyUI-Align/-/blob/server/color_preset_api.py,,"[35, [[0, 8]]]; [47, [[0, 8]]]"
content,github.com/leylahviolet/ComfyUI-Violet-Tools,https://comfysearch.snomiao.dev/github.com/leylahviolet/ComfyUI-Violet-Tools,node_resources/character_sync.py,https://comfysearch.snomiao.dev/github.com/leylahviolet/ComfyUI-Violet-Tools/-/blob/node_resources/character_sync.py,,"[127, [[8, 16]]]; [140, [[8, 16]]]; [178, [[8, 16]]]"
content,github.com/Light-x02/ComfyUI-checkpoint-Discovery-Hub,https://comfysearch.snomiao.dev/github.com/Light-x02/ComfyUI-checkpoint-Discovery-Hub,CheckpointDiscoveryHub.py,https://comfysearch.snomiao.dev/github.com/Light-x02/ComfyUI-checkpoint-Discovery-Hub/-/blob/CheckpointDiscoveryHub.py,,"[93, [[0, 8]]]; [97, [[0, 8]]]; [112, [[0, 8]]]; [129, [[0, 8]]]; [149, [[0, 8]]]; [196, [[0, 8]]]; [202, [[0, 8]]]; [223, [[0, 8]]]; [243, [[0, 8]]]; [356, [[0, 8]]]; [427, [[0, 8]]]; [471, [[0, 8]]]"
content,github.com/ardadmrknn/comfyui-history-clip-text-encode-node,https://comfysearch.snomiao.dev/github.com/ardadmrknn/comfyui-history-clip-text-encode-node,prompt_history_node.py,https://comfysearch.snomiao.dev/github.com/ardadmrknn/comfyui-history-clip-text-encode-node/-/blob/prompt_history_node.py,,"[139, [[0, 8]]]; [146, [[0, 8]]]; [166, [[0, 8]]]; [178, [[0, 8]]]; [222, [[0, 8]]]; [264, [[0, 8]]]; [309, [[0, 8]]]"
content,github.com/tritant/ComfyUI_Layers_Utility,https://comfysearch.snomiao.dev/github.com/tritant/ComfyUI_Layers_Utility,layer_system_final.py,https://comfysearch.snomiao.dev/github.com/tritant/ComfyUI_Layers_Utility/-/blob/layer_system_final.py,,"[461, [[0, 8]]]; [516, [[0, 8]]]; [543, [[0, 8]]]; [599, [[0, 8]]]; [671, [[0, 8]]]; [687, [[0, 8]]]"
content,github.com/AIDC-AI/ComfyUI-Copilot,https://comfysearch.snomiao.dev/github.com/AIDC-AI/ComfyUI-Copilot,backend/controller/conversation_api.py,https://comfysearch.snomiao.dev/github.com/AIDC-AI/ComfyUI-Copilot/-/blob/backend/controller/conversation_api.py,,"[205, [[0, 8]]]; [354, [[0, 8]]]; [427, [[0, 8]]]; [482, [[0, 8]]]; [678, [[0, 8]]]; [726, [[0, 8]]]; [933, [[0, 8]]]; [961, [[0, 8]]]; [978, [[0, 8]]]; [1004, [[0, 8]]]; [1051, [[0, 8]]]"
content,github.com/robertvoy/ComfyUI-Distributed,https://comfysearch.snomiao.dev/github.com/robertvoy/ComfyUI-Distributed,utils/usdu_managment.py,https://comfysearch.snomiao.dev/github.com/robertvoy/ComfyUI-Distributed/-/blob/utils/usdu_managment.py,,"[404, [[0, 8]]]; [429, [[0, 8]]]; [499, [[0, 8]]]; [617, [[0, 8]]]; [673, [[0, 8]]]"
content,github.com/ltdrdata/ComfyUI-Inspire-Pack,https://comfysearch.snomiao.dev/github.com/ltdrdata/ComfyUI-Inspire-Pack,inspire/inspire_server.py,https://comfysearch.snomiao.dev/github.com/ltdrdata/ComfyUI-Inspire-Pack/-/blob/inspire/inspire_server.py,,"[14, [[0, 8]]]; [26, [[0, 8]]]; [35, [[0, 8]]]; [41, [[0, 8]]]; [46, [[0, 8]]]"
content,github.com/Good-Dream-Studio/ComfyUI-Connect,https://comfysearch.snomiao.dev/github.com/Good-Dream-Studio/ComfyUI-Connect,controllers/app_controller.py,https://comfysearch.snomiao.dev/github.com/Good-Dream-Studio/ComfyUI-Connect/-/blob/controllers/app_controller.py,,"[13, [[8, 16]]]; [37, [[8, 16]]]"
content,github.com/Good-Dream-Studio/ComfyUI-Connect,https://comfysearch.snomiao.dev/github.com/Good-Dream-Studio/ComfyUI-Connect,controllers/workflow_controller.py,https://comfysearch.snomiao.dev/github.com/Good-Dream-Studio/ComfyUI-Connect/-/blob/controllers/workflow_controller.py,,"[13, [[8, 16]]]; [25, [[8, 16]]]; [35, [[8, 16]]]; [47, [[8, 16]]]; [52, [[8, 16]]]"
content,github.com/syllebra/bilbox-comfyui,https://comfysearch.snomiao.dev/github.com/syllebra/bilbox-comfyui,__init__.py,https://comfysearch.snomiao.dev/github.com/syllebra/bilbox-comfyui/-/blob/__init__.py,,"[21, [[0, 8]]]"
content,github.com/zml-w/ZZZ_ZML_English_Patch,https://comfysearch.snomiao.dev/github.com/zml-w/ZZZ_ZML_English_Patch,__init__.py,https://comfysearch.snomiao.dev/github.com/zml-w/ZZZ_ZML_English_Patch/-/blob/__init__.py,,"[9, [[0, 8]]]"
content,github.com/pydn/ComfyUI-to-Python-Extension,https://comfysearch.snomiao.dev/github.com/pydn/ComfyUI-to-Python-Extension,__init__.py,https://comfysearch.snomiao.dev/github.com/pydn/ComfyUI-to-Python-Extension/-/blob/__init__.py,,"[40, [[0, 8]]]"
content,github.com/zhulu111/ComfyUI_Bxb,https://comfysearch.snomiao.dev/github.com/zhulu111/ComfyUI_Bxb,__init__.py,https://comfysearch.snomiao.dev/github.com/zhulu111/ComfyUI_Bxb/-/blob/__init__.py,,"[223, [[0, 8]]]; [307, [[0, 8]]]; [311, [[0, 8]]]; [315, [[0, 8]]]; [428, [[0, 8]]]; [442, [[0, 8]]]; [476, [[0, 8]]]; [798, [[0, 8]]]; [811, [[0, 8]]]; [840, [[0, 8]]]; [843, [[0, 8]]]; [916, [[0, 8]]]; [945, [[0, 8]]]; [948, [[0, 8]]]; [953, [[0, 8]]]"
content,github.com/Comfy-Org/ComfyUI_devtools,https://comfysearch.snomiao.dev/github.com/Comfy-Org/ComfyUI_devtools,__init__.py,https://comfysearch.snomiao.dev/github.com/Comfy-Org/ComfyUI_devtools/-/blob/__init__.py,,"[14, [[0, 8]]]; [20, [[0, 8]]]; [55, [[0, 8]]]; [75, [[0, 8]]]"
content,github.com/Firetheft/ComfyUI_Simple_Web_Browser,https://comfysearch.snomiao.dev/github.com/Firetheft/ComfyUI_Simple_Web_Browser,Simple_Web_Browser.py,https://comfysearch.snomiao.dev/github.com/Firetheft/ComfyUI_Simple_Web_Browser/-/blob/Simple_Web_Browser.py,,"[99, [[0, 8]]]; [103, [[0, 8]]]; [112, [[0, 8]]]"
content,github.com/Firetheft/ComfyUI_Pixabay_Gallery,https://comfysearch.snomiao.dev/github.com/Firetheft/ComfyUI_Pixabay_Gallery,Pixabay_Gallery.py,https://comfysearch.snomiao.dev/github.com/Firetheft/ComfyUI_Pixabay_Gallery/-/blob/Pixabay_Gallery.py,,"[139, [[0, 8]]]; [146, [[0, 8]]]; [153, [[0, 8]]]; [173, [[0, 8]]]; [196, [[0, 8]]]; [201, [[0, 8]]]"
content,github.com/DigitalIO/ComfyUI-stable-wildcards,https://comfysearch.snomiao.dev/github.com/DigitalIO/ComfyUI-stable-wildcards,swnodes/StableWildcard.py,https://comfysearch.snomiao.dev/github.com/DigitalIO/ComfyUI-stable-wildcards/-/blob/swnodes/StableWildcard.py,,"[23, [[0, 8]]]"
content,github.com/Elypha/ComfyUI-Prompt-Helper,https://comfysearch.snomiao.dev/github.com/Elypha/ComfyUI-Prompt-Helper,lib/custom_server.py,https://comfysearch.snomiao.dev/github.com/Elypha/ComfyUI-Prompt-Helper/-/blob/lib/custom_server.py,,"[7, [[0, 8]]]"
content,github.com/MrForExample/ComfyUI-3D-Pack,https://comfysearch.snomiao.dev/github.com/MrForExample/ComfyUI-3D-Pack,webserver/server.py,https://comfysearch.snomiao.dev/github.com/MrForExample/ComfyUI-3D-Pack/-/blob/webserver/server.py,,"[24, [[0, 8]]]"
content,github.com/Koren-cy/FlowCV,https://comfysearch.snomiao.dev/github.com/Koren-cy/FlowCV,__init__.py,https://comfysearch.snomiao.dev/github.com/Koren-cy/FlowCV/-/blob/__init__.py,,"[25, [[4, 12]]]"
content,github.com/Saquib764/omini-kontext,https://comfysearch.snomiao.dev/github.com/Saquib764/omini-kontext,comfyui_nodes/omini_kontext_editor.py,https://comfysearch.snomiao.dev/github.com/Saquib764/omini-kontext/-/blob/comfyui_nodes/omini_kontext_editor.py,,"[265, [[8, 16]]]"
content,github.com/NakamuraShippo/ComfyUI-NS-PromptList,https://comfysearch.snomiao.dev/github.com/NakamuraShippo/ComfyUI-NS-PromptList,prompt_list_node.py,https://comfysearch.snomiao.dev/github.com/NakamuraShippo/ComfyUI-NS-PromptList/-/blob/prompt_list_node.py,,"[180, [[8, 16]]]; [197, [[8, 16]]]"
content,github.com/kungful/ComfyUI_to_webui,https://comfysearch.snomiao.dev/github.com/kungful/ComfyUI_to_webui,__init__.py,https://comfysearch.snomiao.dev/github.com/kungful/ComfyUI_to_webui/-/blob/__init__.py,,"[261, [[0, 8]]]"
content,github.com/Nuked88/ComfyUI-N-Sidebar,https://comfysearch.snomiao.dev/github.com/Nuked88/ComfyUI-N-Sidebar,__init__.py,https://comfysearch.snomiao.dev/github.com/Nuked88/ComfyUI-N-Sidebar/-/blob/__init__.py,,"[296, [[0, 8]]]; [307, [[0, 8]]]; [323, [[0, 8]]]; [337, [[0, 8]]]; [379, [[0, 8]]]; [386, [[0, 8]]]; [427, [[0, 8]]]; [435, [[0, 8]]]; [479, [[0, 8]]]; [542, [[0, 8]]]; [569, [[0, 8]]]; [595, [[0, 8]]]; [604, [[0, 8]]]; [624, [[0, 8]]]; [654, [[0, 8]]]; [728, [[0, 8]]]; [889, [[0, 8]]]; [915, [[0, 8]]]; [944, [[0, 8]]]; [984, [[0, 8]]]; [1044, [[0, 8]]]; [1053, [[0, 8]]]; [1062, [[0, 8]]]; [1115, [[0, 8]]]; [1251, [[0, 8]]]"
content,github.com/numz/Comfyui-FlowChain,https://comfysearch.snomiao.dev/github.com/numz/Comfyui-FlowChain,py/endpoints.py,https://comfysearch.snomiao.dev/github.com/numz/Comfyui-FlowChain/-/blob/py/endpoints.py,,"[55, [[0, 8]]]; [97, [[0, 8]]]"
content,github.com/cyberhirsch/seb_nodes,https://comfysearch.snomiao.dev/github.com/cyberhirsch/seb_nodes,save_image_seb.py,https://comfysearch.snomiao.dev/github.com/cyberhirsch/seb_nodes/-/blob/save_image_seb.py,,"[43, [[4, 12]]]"
content,github.com/benstaniford/comfy-prompt-db,https://comfysearch.snomiao.dev/github.com/benstaniford/comfy-prompt-db,prompt_db.py,https://comfysearch.snomiao.dev/github.com/benstaniford/comfy-prompt-db/-/blob/prompt_db.py,,"[179, [[0, 8]]]; [205, [[0, 8]]]; [238, [[0, 8]]]; [271, [[0, 8]]]; [320, [[0, 8]]]"
content,github.com/MontagenAI/ComfyUI-Montagen,https://comfysearch.snomiao.dev/github.com/MontagenAI/ComfyUI-Montagen,nodes/FishAudioNode.py,https://comfysearch.snomiao.dev/github.com/MontagenAI/ComfyUI-Montagen/-/blob/nodes/FishAudioNode.py,,"[47, [[8, 16]]]"
content,github.com/MontagenAI/ComfyUI-Montagen,https://comfysearch.snomiao.dev/github.com/MontagenAI/ComfyUI-Montagen,server/MontagenProjManager.py,https://comfysearch.snomiao.dev/github.com/MontagenAI/ComfyUI-Montagen/-/blob/server/MontagenProjManager.py,,"[80, [[8, 16]]]; [105, [[8, 16]]]; [114, [[8, 16]]]; [129, [[8, 16]]]; [142, [[8, 16]]]; [152, [[8, 16]]]; [167, [[8, 16]]]; [176, [[8, 16]]]; [210, [[8, 16]]]; [227, [[8, 16]]]; [242, [[8, 16]]]; [257, [[8, 16]]]; [276, [[8, 16]]]; [293, [[8, 16]]]; [305, [[8, 16]]]; [325, [[8, 16]]]; [337, [[8, 16]]]; [356, [[8, 16]]]; [368, [[8, 16]]]; [386, [[8, 16]]]; [398, [[8, 16]]]; [415, [[8, 16]]]; [438, [[8, 16]]]; [491, [[8, 16]]]; [544, [[8, 16]]]; [563, [[8, 16]]]"
content,github.com/jitcoder/lora-info,https://comfysearch.snomiao.dev/github.com/jitcoder/lora-info,lora_info.py,https://comfysearch.snomiao.dev/github.com/jitcoder/lora-info/-/blob/lora_info.py,,"[108, [[0, 8]]]"
content,github.com/moose-lab/ComfyUI-GPT,https://comfysearch.snomiao.dev/github.com/moose-lab/ComfyUI-GPT,router/app.py,https://comfysearch.snomiao.dev/github.com/moose-lab/ComfyUI-GPT/-/blob/router/app.py,,"[36, [[10, 18]]]"
content,github.com/moose-lab/ComfyUI-GPT,https://comfysearch.snomiao.dev/github.com/moose-lab/ComfyUI-GPT,service/llm_gpt.py,https://comfysearch.snomiao.dev/github.com/moose-lab/ComfyUI-GPT/-/blob/service/llm_gpt.py,,"[3, [[0, 8]]]"
content,github.com/moose-lab/ComfyUI-GPT,https://comfysearch.snomiao.dev/github.com/moose-lab/ComfyUI-GPT,service/chat_gpt.py,https://comfysearch.snomiao.dev/github.com/moose-lab/ComfyUI-GPT/-/blob/service/chat_gpt.py,,"[66, [[0, 8]]]; [149, [[0, 8]]]; [204, [[0, 8]]]; [394, [[0, 8]]]; [444, [[0, 8]]]"
content,github.com/wei30172/comfygen,https://comfysearch.snomiao.dev/github.com/wei30172/comfygen,__init__.py,https://comfysearch.snomiao.dev/github.com/wei30172/comfygen/-/blob/__init__.py,,"[7, [[0, 8]]]"
content,github.com/ronaldzgithub/ComfyUI-aiugc,https://comfysearch.snomiao.dev/github.com/ronaldzgithub/ComfyUI-aiugc,custom_routes.py,https://comfysearch.snomiao.dev/github.com/ronaldzgithub/ComfyUI-aiugc/-/blob/custom_routes.py,,"[304, [[0, 8]]]; [430, [[0, 8]]]; [505, [[0, 8]]]; [519, [[0, 8]]]; [625, [[0, 8]]]; [671, [[0, 8]]]; [783, [[0, 8]]]; [795, [[0, 8]]]; [1319, [[0, 8]]]"
content,github.com/Nuked88/ComfyUI-N-Nodes,https://comfysearch.snomiao.dev/github.com/Nuked88/ComfyUI-N-Nodes,py/cte_advanced.py,https://comfysearch.snomiao.dev/github.com/Nuked88/ComfyUI-N-Nodes/-/blob/py/cte_advanced.py,,"[96, [[0, 8]]]; [103, [[0, 8]]]; [115, [[0, 8]]]; [127, [[0, 8]]]"
content,github.com/jtydhr88/ComfyUI-Workflow-Encrypt,https://comfysearch.snomiao.dev/github.com/jtydhr88/ComfyUI-Workflow-Encrypt,__init__.py,https://comfysearch.snomiao.dev/github.com/jtydhr88/ComfyUI-Workflow-Encrypt/-/blob/__init__.py,,"[98, [[0, 8]]]; [123, [[0, 8]]]"
content,github.com/komojini/komojini-comfyui-nodes,https://comfysearch.snomiao.dev/github.com/komojini/komojini-comfyui-nodes,komojini_server.py,https://comfysearch.snomiao.dev/github.com/komojini/komojini-comfyui-nodes/-/blob/komojini_server.py,,"[32, [[0, 8]]]; [66, [[0, 8]]]; [71, [[0, 8]]]; [75, [[0, 8]]]; [186, [[0, 8]]]"
content,github.com/thecooltechguy/ComfyUI-ComfyRun,https://comfysearch.snomiao.dev/github.com/thecooltechguy/ComfyUI-ComfyRun,__init__.py,https://comfysearch.snomiao.dev/github.com/thecooltechguy/ComfyUI-ComfyRun/-/blob/__init__.py,,"[160, [[0, 8]]]; [184, [[0, 8]]]; [189, [[0, 8]]]; [203, [[0, 8]]]; [335, [[0, 8]]]"